week,slide,clear_to_beginner,diagram_correct,example_helpful,notes_teachable,issue,proposed_change,status
2,s01,,,,,,,pending
2,s02,,,,,,,pending
2,s03,,,,,,,pending
2,s04,,,,,,,pending
2,s05,,,,,,,pending
2,s06,,,,,,,pending
2,s07,,,,,,,pending
2,s08,,,,,,,pending
2,s09,,,,,,,pending
2,s10,,,,,,,pending
2,s11,,,,,,,pending
2,s12,,,,,,,pending
2,s13,,,,,,,pending
2,s14,,,,,,,pending
2,s15,,,,,,,pending
2,s16,,,,,,,pending
2,s17,,,,,,,pending
2,s18,,,,,,,pending
2,s19,,,,,,,pending
2,s20,,,,,,,pending
2,s21,,,,,,,pending
2,s22,,,,,,,pending
2,s23,,,,,,,pending
2,s24,,,,,,,pending
2,s25,,,,,,,pending
2,s26,,,,,,,pending
2,s27,,,,,,,pending
2,s28,,,,,,,pending
